Name;Mail;Pr√©nom;Nom;Type fonction;Poste
Sheela Glader;sglader0@prlog.org;Sheela;Glader;Research and Development;Biostatistician II
Nilson Tilley;ntilley1@friendfeed.com;Nilson;Tilley;Engineering;Project Manager
Henrik Braksper;hbraksper2@wordpress.com;Henrik;Braksper;Marketing;GIS Technical Architect
Karlens Nunan;knunan3@tinyurl.com;Karlens;Nunan;Engineering;Design Engineer
Arabel Kneath;akneath4@pcworld.com;Arabel;Kneath;Legal;Executive Secretary
Arabella Gwioneth;agwioneth5@amazon.de;Arabella;Gwioneth;Services;Financial Analyst
Hyacinthe De la Yglesia;hde6@jalbum.net;Hyacinthe;De la Yglesia;Product Management;Assistant Professor
Frank Sikorski;fsikorski7@disqus.com;Frank;Sikorski;Support;Data Coordiator
Mil Henrys;mhenrys8@google.es;Mil;Henrys;Marketing;Compensation Analyst
Halli Coston;hcoston9@dell.com;Halli;Coston;Business Development;Data Coordiator
